currency,ccy_eur,usd_ccy
GBP,1.127102,0.831324
EUR,1.0,0.936988
CAD,0.691529,1.35495
AUD,0.635418,1.4746
