currency,ccy_eur,usd_ccy
AUD,0.61645727,1.49309444
CAD,0.68011152,1.35335
EUR,1.0,0.92042892
GBP,1.13806434,0.80876703
