currency,ccy_eur,usd_ccy
AUD,0.6358793,1.48290947
CAD,0.6926082,1.36145
EUR,1.0,0.94295144
GBP,1.14158416,0.82600256
